Actual,Predicted
"The conversation features a preschool girl who enjoys playing outside, dancing, and loves zebras. She shares her excitement about her day at preschool and her recent birthday party at Chuck E. Cheese. In contrast, an adult expresses stress from a demanding job as a restaurant manager, mentioning long hours and difficult customers. The girl expresses hope to continue dancing or working with zebras when she grows up, while the adult questions her online presence, to which she responds that her mom allows her 20 minutes of screen time daily.","The user is a young girl named i who is 5 years old and loves to dance, play outside, and is currently working a very demanding job as a restaurant manager. She is feeling stressed about her boss and the long hours she works, and is looking forward to a future where she can dance and sing. She is a bit apprehensive about online activities, but her mom allows her a small amount of screen time."
"The user, who enjoys Isaiah Rashad's music and prefers reading over watching movies, engages in a friendly conversation about music, expressing a preference for upbeat genres and rap. They mention a specific song featuring Kendrick Lamar and discuss their busy schedule due to their marketing job, which limits their exercise routine.","The user is a fan of Isaiah Rashad, a music marketing professional who enjoys reading books and prefers rap music. They are interested in hearing Isaiah Rashad's music and are open to exploring other artists. They are currently engaged in a run and are preparing to listen to music.

---"
"The user, a 29-year-old night owl from a suburb of Boston, expresses excitement about sleeping in and plans to go hiking or biking for fresh air. They bond over a shared love for music, particularly Pearl Jam and 80s tunes, while discussing the user's gaming interests. The conversation reveals the other participant is 48, lives in upstate New York, and humorously shares a clumsiness story about ruining shirts with ink. They also mention having two dogs as pets.","The user is a 29-year-old night owl from Boston who enjoys hiking, cycling, and Pearl Jam. They are a bit clumsy and have a fondness for 80s music and a love for New York. They are currently playing a video game and planning a hike or bike ride."
"The user, who loves meat and pizza, recently started a job selling cars and enjoys painting. They engage in a friendly conversation with another person who enjoys cooking, mentioning a family recipe for pizza that includes meat. The user shares that they have been married for a while and have three children, while the other person has grown kids and a wife who used to be a teacher. They discuss the possibility of the user painting a picture of the other person's family, who are in Italy, and the other person reveals they speak both Italian and English, having moved to America at 14.","The user is a passionate meat-lover, primarily interested in pizza and car sales, with a fondness for painting and a history of marriage and family. They enjoy cooking and are open to a potential family portrait, particularly if it involves Italian cuisine and a connection to their Italian heritage. They seem to be a somewhat reserved individual, prioritizing their personal interests and a quiet life."
"The user, who enjoys collecting stamps and swimming daily, shares that they recently moved from Virginia to the West Coast for their mom's new teaching job as a professor of environmental science. They express a love for the color blue, envisioning clear skies and water, and mention their mom also teaches cello, which they learned to play. The conversation reveals the user's appreciation for the four seasons in their new location compared to their previous home in upstate New York, where their dad, a cop, struggles to find work.","The user is a man who collects stamps, enjoys swimming, concerts, and cello lessons, and is from upstate New York. He recently moved to the west coast from Virginia to pursue a new teaching job, and his mother is a professor of environmental science. He is a passionate collector of stamps and appreciates the beauty of the Pacific Ocean. He is a bit nostalgic about his past, reminiscing about his childhood and the lessons he received from his mother."
"The conversation features a user who identifies as a lifestyle blogger from Celebration, Florida, and a former cheerleader. They engage with another individual who is part of a lady motorcycle club and expresses a love for fast driving. The user humorously suggests violence against the other person's husband and expresses enthusiasm for shopping. They discuss tattoos and flirtation, with the other person proposing a spontaneous meeting and ride on a motorcycle. The user expresses excitement about the idea, even jokingly mentioning burning down their house before leaving.","The user is a high-energy, confident, and somewhat impulsive lifestyle blogger living in Florida, with a penchant for motorcycles, speed, and a desire for a thrilling, potentially chaotic, adventure. They are married, have two children, and enjoy shopping, particularly motorcycle gear. They are also quite assertive and have a somewhat volatile personality, expressing a desire to dominate and a willingness to engage in potentially risky behavior, including beat-up men and a desire to leave their home. They are excited about a potential date and are open to a ride, suggesting a desire for a wild and exciting experience.

---"
"The user expresses their enthusiasm for ""Game of Thrones,"" stating it as their favorite show, while also sharing that they work from home, which they enjoy. They mention an interest in starting a band inspired by System of a Down (SOAD) and highlight their passion for cosplay, alongside attending renaissance fairs. The conversation touches on music, with the user noting their long-time experience playing Coldplay on piano, and humorously reflects on the idea of cults versus culture in relation to their interests.","The user is a passionate fan of Game of Thrones, enjoys a somewhat eccentric lifestyle centered around cosplay and a love for alternative music (Coldplay, System of a Down), and is a bit of a cult enthusiast. They are working from home and have a history of attending Renaissance Fairs. They express a strong preference for the darker, more complex themes of Game of Thrones and are somewhat bewildered by the world of ""cult"" beliefs and traditions. They are also a bit of a musician, having played piano since childhood and expressing a fondness for the band's music.

---"
"The user, a long-time fisherman from Cape Hatteras, North Carolina, shares that they are doing well and are going boating today. They express concern for the other person's knee issues, as they are a long-distance runner themselves. The conversation reveals the user's passion for fishing, particularly for tuna, and they mention needing a special kind of string for fishing. The other person reminisces about visiting Cape Hatteras as a child, showing interest in the user's fishing experiences.","The user is a fisherman from Cape Hatteras, North Carolina, who loves tuna fishing and is planning to go on a boat ride. They are experiencing knee issues and are looking for information about fishing string. They seem to be a seasoned fisherman with a fondness for the area and a desire to share their knowledge of tuna fishing."
"The user, a witty 28-year-old single mom who doesn't eat meat and is currently unemployed, shares that they are cooking a vegan dish while taking care of their two kids and pets. They enjoy reading, particularly shark-themed books, and engage in entertaining dance routines with their son. The conversation highlights their commitment to a vegan lifestyle and the joy they find in creating memorable moments with their children.","The user is a witty, single, unemployed mom who loves to read, dance, and sharks. She is a passionate and engaging individual who enjoys sharing her experiences and is very happy with her life, despite her challenges. She is also a bit self-deprecating and enjoys a good laugh.

---"
"The user, a female with a master's degree, shares her favorite color, purple, and expresses her love for swimming and the beach. She engages in a light-hearted conversation with a classic rock enthusiast, discussing their favorite colors and singers, revealing her fondness for Kid Rock. The conversation also touches on their mutual love for dogs, with the user mentioning her husky and past pets. The user expresses a desire to swim, noting the hot weather and the abundance of beaches in California.","The user is a female, a graduate student, and a fan of Kid Rock. She enjoys swimming, has a husky dog, and is passionate about classic rock music, particularly bands like CCR, Black Sabbath, and AC/DC. She seems to be a relaxed and friendly person, enjoying a beach trip and a dog-themed activity. She is also a bit nostalgic about her past with many dogs.

---"
"The user, who works at Barnes and Noble and enjoys reading, engages in a light conversation about their love for books and movies. They express enthusiasm for the beautiful weather and inquire about the other person's profession. The other person admits to preferring movie adaptations over reading, mentioning ""16 Candles,"" to which the user responds by noting the film's age and expressing surprise at the existence of a book version.","The user is a bookstore employee who works at Barnes & Noble and enjoys reading, but they are not a frequent reader and prefer to watch movies. They are a friendly and somewhat casual individual."
"The conversation features a 21-year-old student studying for a master's in social sciences who enjoys pizza and sushi. They discuss their age difference and the student's college experience, expressing a desire to learn about the outdoors. The student shares their love for pizza, particularly with ranch dressing, which the other participant's kids also enjoy. The conversation also touches on hair color and the presence of horses or cattle at the ranch.","The user is a 35-year-old social science student who enjoys pizza and sushi. They are interested in exploring the outdoors and are a bit nostalgic about their childhood, mentioning they liked ranch dressing and a black hair color. They seem to be a thoughtful and somewhat reserved individual, prioritizing their studies and a comfortable, familiar lifestyle."
"The conversation features a user who enjoys dancing, teaching, and reading history books, sharing their background of growing up near a beach in New Hampshire. They are currently in Florida for school and express a passion for Mexican food cookbooks. The exchange includes light-hearted banter about their favorite colors and a playful suggestion to audition for ""America's Got Talent"" together, highlighting their shared interests in dance and singing.","The user is a teacher from New Hampshire who enjoys Mexican food, dancing, and reading history. They are a bit of a free spirit, with a love for both cooking and singing, and are open to a potential talent show. They seem to be a friendly and enthusiastic person with a penchant for the outdoors and a fondness for blue.

---"
"The user, an actress in a local theater company and a history enthusiast, shares that they haven't spoken to their divorced parents today. They mention their father's struggles with alcoholism but note that he can be a caring father when sober. To cope, the user enjoys taking walks in the garden, appreciating nature, which helps ease their mind. They are currently in college and expect to graduate next year, while also expressing a passion for animals and their potential to aid in rehabilitating individuals with addiction.","The user is experiencing a challenging family situation with their parents' divorce, which is impacting their emotional well-being. They are a history buff and enjoy working with animals, finding solace in nature and reading. While they are coping with a difficult father who is alcoholic and quarrelsome, they are actively seeking ways to manage their stress and maintain a sense of peace. They are currently in college and focused on their studies, but also enjoy spending time outdoors and engaging with the beauty of the garden and flowers.

---"
"The user is a college student preparing for exams and aspires to become a teacher after graduating in September. They plan to get a pit bull once they secure a teaching job. The user has three dogs and shares that their brother is in a heavy metal band that travels globally. They don't play sports due to their busy college schedule but work out to maintain health, particularly because of a blood sugar issue. The user reflects on their family's migration to America when they were five and expresses a desire to stay healthy.","The user is a young man, likely in his late 20s, who is a musician and teacher. He's a bit of a health-conscious individual, working out regularly to maintain his health. He's also a passionate metal drummer and enjoys traveling with his brother and dogs. He's currently in college, planning to pursue a teaching career and is reflecting on his family's immigration story. He seems friendly and approachable, with a slightly nostalgic and adventurous spirit.

---"
"The user, who has one cat and describes themselves as short and not thin with brown hair, enjoys food truck burgers and fries, though their cat often steals the fries. They have dyed their hair blonde in the past but are currently keeping it brown to save money, with their older brother managing their finances. The user sews plushes for extra cash and struggles with self-confidence, especially regarding their body image. They share a connection with the other person over vegan food and encourage each other to have fun and be brave, despite the user's concerns about the cost of hair dye. The conversation reflects their supportive dynamic, with the user finding motivation from their cat, Whiskers.","The user is a short, somewhat shy, and unassuming individual with a brown-haired cat and a penchant for sewing. They are feeling insecure about their appearance and are trying to boost their confidence through a small, creative project – dyeing their hair. They are generally quiet and thoughtful, and appreciate a supportive and encouraging environment. They are also aware of their financial situation and are trying to make a living through commissions and a vegan lifestyle. The conversation reveals a gentle, introspective personality with a hidden strength and a desire for self-expression. The user is open to suggestions and appreciates the advice given, ultimately seeking a positive outlook."
"The user, a former contestant on Jeopardy and a pottery maker, is currently refurbishing a car for a client while also sharing that they once lived in a storage locker for two months. They are a recovering alcoholic and mention their experience to a teacher who has a friend struggling with alcoholism. The conversation reveals the user's practical skills and interests, contrasting with the teacher's passion for singing at church and attending the orchestra, which the user expresses interest in as well.","The user is a recovering alcoholic, a potter, and a car enthusiast with a somewhat unconventional past. They are a teacher, enjoy refurbishing classic cars, and have a history of living in a storage locker. They are also a former contestant on Jeopardy! and express a fondness for classical music. They seem to be a thoughtful and somewhat introspective individual, with a history of personal struggles and a desire for connection.

---"
"The user, a casual dresser and happy waitress at a local restaurant, expresses contentment with life and a love for Nirvana. They enjoy singing in the shower and appreciate their job, contrasting it with a previous corporate role they disliked. The conversation partner dreams of starting a cupcake business with 31 different flavors, which the user likens to Baskin Robbins ice cream, emphasizing the belief that true success is found in happiness.","The conversation revolves around the user's happiness and their simple, comfortable life as a waitress. They enjoy music, particularly Nirvana, and appreciate a relaxed, casual style. They are content with their current job and express a desire for a fulfilling life focused on happiness and success. They are also interested in cupcakes and have a good understanding of the business.

---"
"The user, who expresses a desire to have been born a prince to avoid social interactions, shares that they are enjoying nachos, their favorite food, while chatting with someone who is finishing school. They bond over their mutual interest in Dungeons and Dragons, acknowledging the stigma around being a ""nerd."" The user also mentions their love for painting but prefers not to discuss it with others. The conversation reflects their introverted persona and a light-hearted acceptance of their interests.","The user expresses a desire to be born a prince, a fondness for nachos, and a preference for playing D&D. They are a somewhat introverted individual who dislikes talking to people and finds it difficult to connect with others. They also have a creative streak, expressing a desire to be an artist and a love for painting. While acknowledging that being a nerd is not inherently bad, they are frustrated by the constant negativity and ridicule they receive for their interests. They seem to be seeking a sense of belonging and a change in their life, possibly fueled by a fantasy of being a prominent figure.

```
```"
"The user expresses feelings of loneliness and insecurity in their love life, working over 60 hours a week as a computer programmer and waitress to support their 18-month-old daughter. They mention having siblings but rarely communicate with them due to their busy schedule. The user drives a red 2004 Nissan Maxima and dreams of owning a Corvette to feel more complete. Despite their hard work, they struggle with balancing their responsibilities and personal life.","The user is a single mother, working long hours as a computer programmer, and feeling deeply insecure about their relationships. They are experiencing loneliness and a lack of social connection. They have a demanding job, a difficult family situation (a young child), and a significant amount of financial stress. The user is also struggling with feelings of inadequacy and insecurity, stemming from their work habits and a perceived lack of fulfillment in their life. They have a car, a somewhat outdated vehicle, and are actively seeking a more fulfilling life, possibly through a luxury vehicle like a Corvette.

---"
"The user, a grad student who enjoys reading true crime books, is currently drinking a caramel cappuccino and discussing food with a friend. They mention their financial constraints as a poor student, relying on meals cooked by their parents who live across the street. The conversation shifts to cooking, with the friend, a yoga teacher, playfully offering to cook for the user while they read. The user expresses interest in a taco salad, and the two look forward to sharing this meal outdoors. The friend also inquires about the user's favorite color.","The user is a poor grad student who enjoys true crime books, caramel cappuccinos, and yoga. They are a bit of a homebody, preferring to cook simple meals for themselves and their parents, and they are open to the idea of cooking for someone else, especially a friend, while enjoying the outdoors. They are also interested in learning more about their mother's cooking skills and potentially teaching them."
"The conversation features a user who expresses dislike for tofu, humorously noting its presence at work, while the other person enjoys it. The user shares a strange dream about living in a sinking mobile home, emphasizing their preference for homeownership, as they own a house and drive a Prius. The other participant, who is not interested in settling down, contrasts their lifestyle with the user's, who mentions their wife stays home with the kids. The user offers legal advice, highlighting their profession at a law firm.","The user is a man who owns a large law firm, works in a car, and has a wife who stays home with their children. He dislikes tofu, enjoys driving a Prius, and has a somewhat anxious and somewhat quirky personality. He's feeling a bit overwhelmed by his life and is trying to maintain a sense of normalcy amidst a strange and somewhat unsettling dream. He's also subtly expressing a desire for control and independence, despite his wife's presence."
"The user, aspiring to be an astronaut and a fan of magicians Penn and Teller, engages in a lighthearted conversation about their fast talking and love for lasagna, reminiscent of Garfield. They mention having two dogs named Lucille and Dixon, and humorously ponder the idea of magic related to the moon landing, asserting that it was not faked due to their father's profession as an astronaut. The conversation touches on medication, dog training, and shared interests in lasagna and fun activities like surfing and swimming.","The user is a young person with a strong passion for space exploration and a fondness for magic, particularly lasagna. They are a somewhat anxious and verbose individual with a quirky collection of pets and a playful, slightly self-deprecating sense of humor. They are interested in the possibility of space travel and are fascinated by the idea of a magician's involvement in a conspiracy theory about the moon landing. They enjoy simple pleasures like lasagna and surfing/swimming, and have a somewhat peculiar personality with a tendency to overshare and talk quickly.

---"
"The user, a college student aspiring to be a lawyer, enjoys summer and loves butterflies, while expressing a dislike for dresses. They engage in a conversation with someone who used to drive a big rig but now fixes trucks, sharing that they are married for two years and need to learn to relax. The user mentions having a boyfriend for almost a year, and they both reflect on their family connections to truck driving.","The user is a lawyer in their late 20s, currently working as a mechanic, and is a passionate fan of Flash. They enjoy summer, butterflies, and are looking forward to a future trip to Fiji with their boyfriend. They are a bit of a laid-back individual with a strong connection to their past, having a history of working as a truck driver and a fondness for butterflies. They seem to be prioritizing a peaceful and enjoyable life, with a desire to relax and enjoy the simple pleasures of summer.

---"
"The user, a passionate photographer and dog lover with a sleeve of tattoos, expresses excitement for the upcoming winter, their favorite season for napping and watching basketball. They engage in a light-hearted exchange with a cat person who sings in a barbershop quartet and occasionally raps, complimenting their lifestyle. The user shares their profession and inquires about recordings of the other person's work, leading to a discussion about tattoos.","The user is a photographer who is deeply passionate about dogs, enjoys spending their time with them, and has a significant collection of tattoos. They are a cat person but also a talented photographer, with a history of recording their work and engaging in music and rap. They seem to value their canine companions and their artistic pursuits.

---"
"The user, a veterinarian who grew up on a ranch, enjoys burgers and finds relaxation in running, especially to maintain sanity while helping their sister-in-law with her two energetic nephews, as their brother is stationed in Kuwait. They also have a hobby of working on cars and appreciate the importance of having interests. Despite the challenges of keeping up with their nephews, the user humorously compares them to pets, noting that animals can be easier to communicate with than children.","The user is a veterinarian, a woman who enjoys running as a way to relax and unwind, and has a busy life with two nephews. She is a bit of a caregiver, often involved in the care of children and managing a household with a military brother. She enjoys cars and tinkering with them in the mornings, and finds solace in running, which she uses to maintain her sanity. She is also somewhat amused by her nephews' antics and enjoys playing games with them.

---"
"Todd, an 8-year-old who loves comic books and dreams of becoming a superhero, chats with Melissa, a music store owner and former saxophonist. They discuss their interests, with Todd expressing his admiration for Superman over Spider-Man, while Melissa shares her love for comics, anime, and animal rights activism. Todd mentions his parents sing in a church choir and expresses a desire to sing as well.","Todd is an 8-year-old boy named todd who is a huge fan of Superman and comic books. He dreams of becoming a superhero and enjoys listening to music and animals. He is a bit limited by his age, but he's enthusiastic about Superman and is interested in the superhero world. He seems to appreciate the cool aspects of superheroes like Batman and Superman, and is also interested in the idea of a Florida retirement.

```
```"
"The user, a wedding planner who loves 80s music and the color yellow, expressed frustration with puzzles and shared their aspiration of wanting to be an architect as a child, though they never pursued it. They enjoy country music for its positive messages and mentioned their interest in ghosts, especially with Halloween approaching. The conversation also touched on shared interests in music, highlighting a mutual appreciation for 80s tunes.","The user is a passionate 80s music enthusiast, deeply interested in ghosts, and a wedding planner with a fascination for architecture. They enjoy country music and are looking for a fun, spooky Halloween celebration. They seem to be a thoughtful and slightly melancholic individual, reflecting on their past aspirations and regrets.

---"
"The user, an only child in nursing school who enjoys ballet and has a background in an all-girls Christian high school, engages in a light-hearted conversation about their shared tiredness after dancing and walking. They express a desire to visit the theater, with the user mentioning their ballet performances. The conversation shifts to baking, where the user shares their passion for it and offers to bake a wedding cake, humorously stating they want one just for themselves. The exchange highlights their playful spirit and enthusiasm for creating a beautiful cake.","The conversation revolves around a woman who is a nursing student, a dancer, and enjoys baking. She's tired from dancing and walking, but is also appreciative of a beautiful cake. She's looking for a large, impressive cake for a wedding, and is open to suggestions for flavor. She's a friendly and generous person, and enjoys sharing her passion for baking and dancing.

---"
"The user, who loves chocolate milkshakes and enjoys Halloween for dressing up, shares a fondness for animals, particularly their dog Allie. They engage in a conversation about pets, revealing admiration for the other person's kitten, Leela, while expressing their aspirations of becoming a famous YouTuber focused on makeup tutorials. The user mentions riding their red bike to comic cons and enjoys cloud gazing, finding it a delightful pastime, especially during picnics. The other person shares their experience of flying to events, as their father is a pilot, and they both appreciate the beauty of clouds.","The user is a passionate chocolate milk shake enthusiast, a fan of Halloween and their dog, and enjoys watching YouTube, applying makeup, and driving a red bike. They are a somewhat active individual who enjoys traveling to comic cons and have a fondness for clouds and flying. They are a friendly and somewhat quirky person with a love for animals and a desire to be a YouTuber.

---"
"The user, who loves the outdoors and works as a janitor, engages in a conversation about reading a favorite book while mentioning the need to put in their contacts. They express a sense of academic superiority, noting they left school early, and discuss their past school experiences, particularly in fifth grade. The other person reveals they are a teacher, and they suggest the user might benefit from staying in school longer. The user humorously refers to themselves as a ""genius janitor"" and contemplates getting LASIK surgery for their vision.","The user is a highly intelligent, outdoorsy, and somewhat eccentric individual who enjoys reading and is currently working as a janitor. They are very particular about their contacts and have a somewhat nostalgic view of their school years, feeling they were smarter than others. They are also somewhat reluctant to admit their current profession, preferring to downplay their abilities. The conversation reveals a desire for a quiet, contemplative experience, and a subtle appreciation for the outdoors.

---"
"The user, who enjoys laughing, wearing flip flops, and baking brownies, engages in a friendly conversation about their favorite foods, revealing a preference for desserts, particularly brownies. They share that they are a music journalist and express their admiration for Lindsey Stirling's music. The user is from San Diego, while the other person is located in the Inland Empire of Southern California, which the user is unfamiliar with. The conversation also touches on hobbies, although that part remains unexplored.","I'm a music journalist from San Diego, California, and I enjoy listening to Lindsey Stirling and baking brownies. I'm also a bit of a freckled individual, and I love to laugh.

---"
"The user, a college student studying biology, is feeling stressed due to homework and preparing for a quiz. They engage in a conversation with someone in graduate school studying fine arts and design, sharing their mutual love for reading. The user expresses a particular fondness for the book ""1984,"" which the other person recognizes, leading to a light-hearted exchange about their favorite pastimes, including hanging out with friends and reading.","The user is a 1984-era college student, allergic to nuts, studying fine arts and design masters, and enjoys reading and hanging out with friends. They are stressed about a biology quiz and are looking forward to finishing their degree. They appreciate the book ""1984"" and are generally relaxed and enjoy a chill day.

---"
"The conversation features a ten-year-old martial arts enthusiast who enjoys reading Harry Potter and has a best friend named Abigail. They discuss their ages, with the user being 10 and the other person 49. The user shares excitement about their first day on safety patrol, which includes a reward of a Harry Potter book. They express interest in collaborating on a YouTube channel for martial arts, while also mentioning their mother's restrictions on makeup. The other person talks about their cat, Leela, who they find annoying, suggesting she might need a friend.","The user is a ten-year-old boy named i who is a martial arts enthusiast and enjoys reading Harry Potter books. He is excited about his first day of safety patrol and is looking forward to receiving a Harry Potter book as a reward. He is also interested in making a YouTube channel with his best friend Abigail, and he has a playful attitude towards makeup and cats.

```
```"
"The conversation features a user who enjoys shopping and has their rent paid by their parents. They express a love for their dog and share that they are a vegetarian who eats fish, particularly sushi. The user recently graduated from college with a major in music and is planning to attend graduate school to pursue a career in detective work. They engage with a grocery store manager who also has interests in music and bookkeeping, discussing their dietary choices and aspirations.","The user is a vegetarian who enjoys shopping and is a graduate student with a passion for music and bookkeeping. They are a bit of a homebody, but also have aspirations to pursue a career in detective work. They are friendly and enjoy sharing their interests with others.

---"
"The user, who enjoys jazz music and values family, shares that they have a metal plate in their left knee, preventing them from jogging. They express gratitude for their family's support and mention their social circle consists mainly of family, three dogs, and a parrot. They experience social anxiety and prefer to engage in activities like playing bingo with their husband on Wednesdays, rather than participating in larger social gatherings. The conversation reveals a shared appreciation for family and a love for music, prompting curiosity about the other person's similar experiences.","The user is a woman who enjoys jazz music from her youth, deeply values her family, and finds solace in her hobbies, particularly bingo and birdwatching. She's experiencing a recent injury – a metal plate in her left knee – and is grappling with loneliness and social anxiety, feeling that her family's support is crucial. She's a bit nostalgic about her past, reminiscing about her time as a young girl and her love for jazz. She's also open to sharing her own experiences with a similar back story, suggesting a desire for connection and understanding.

---"
"The user enjoys discussing their passion for animals, expressing a preference for wildlife and animal videos over social interactions. They frequently visit animal shelters, which they find emotionally challenging, and share that they have three rescue dogs that accompany them on country drives. The conversation reveals the user's deep connection with animals, highlighting their role as a significant part of their life.","The user is an avid wildlife enthusiast and animal lover, with a passion for animals and a strong connection to the natural world. They frequently visit animal shelters, enjoy watching animal videos, and are particularly drawn to animals, often seeking them out even when they are not actively looking for them. They have a diverse range of pets, including three rescue dogs, and enjoy spending time outdoors with them. They are empathetic towards animals and find solace in their company, often visiting animal shelters to support their mission.

---"
"The user, a hippie with curly red hair and two tattoos, expressed a lack of interest in Elvis, while the other person is a fan. The user drives a large blue van and has blue shoes, while the other person has eight tattoos and is planning more. They discussed their differing music preferences, with the user enjoying various genres except country, while the other person occasionally likes country music. The conversation also touched on tattoo ideas, with the user contemplating their next design.","The user is a hippie with a large blue van, red curly hair, and two tattoos. They are interested in getting more tattoos, specifically a paw print, and are open to exploring different musical genres, including rap and country. They seem to have a relaxed and introspective personality, reflecting their love for Elvis and Tupac, and a general appreciation for the unconventional.

---"
"The user is feeling good but is experiencing eye discomfort from looking at the eclipse without special glasses. They plan to wait it out and are considering dinner options, leaning towards Mexican or Italian cuisine. The user enjoys drinking tea throughout the day and expresses a preference for indoor activities like shopping over the outdoors.","The user is a person who enjoys Mexican and Italian food, enjoys shopping, and likes to dance. They are somewhat hesitant about the eclipse and are considering a doctor's visit. They are currently feeling unwell and are looking for a relaxing evening, possibly with a Mexican or Italian meal. They seem to be a somewhat casual and slightly melancholic individual, prioritizing comfort and a quiet evening over active pursuits.

---"
"The user, who enjoys steak and prefers solitude, is engaged in a conversation about their night filled with tasks and software development, which often leads to sleep deprivation. They express a strong sense of independence and pride in their work, declining an offer for help with coding despite acknowledging the other person's qualifications. The conversation also touches on their mutual preference for solitude and a shared craving for snacks, with the user specifically mentioning their desire for steak.","The user is a highly intelligent, solitary individual who enjoys steak and is deeply preoccupied with their own thoughts and development of software. They are reluctant to share their personal life and are somewhat dismissive of others' concerns. They are also craving a simple pleasure like a Hershey bar, indicating a desire for comfort and a lack of social interaction.

---"
"The user enjoys fishing with his four attractive daughters and races cars for a living. He expresses interest in volunteering and suggests running a charity at his new race track. The conversation reveals his playful nature, as he jokingly offers to sell one of his daughters and mentions his daughter's affinity for board games. He humorously claims to have robot limbs, referring to himself as a cyborg, and shares a quirky anecdote about a robot dog created by one of his daughters that exploded. Overall, he presents a lively persona with a mix of humor and family-oriented interests.","The user is a highly successful and somewhat eccentric programmer who enjoys a lavish lifestyle, including racing, philanthropy, and a unique hobby involving gold coins. They are also a somewhat reluctant and somewhat playful individual, with a fondness for board games and a surprising level of physical strength. They are also a cyborg with a robotic arm and a complex relationship with their daughters, particularly one who enjoys playing board games with them. The conversation reveals a fascinating blend of ambition, leisure, and a touch of bizarre personality.

---"
"The user, a single woman who works over 60 hours a week at a newspaper and is passionate about writing, engages in a conversation about their busy lives. She mentions her favorite color is grey and that she is writing a book titled ""Grey Things."" The restaurant owner invites her to eat at his establishment, which has small tables suitable for her solo dining. She expresses interest in visiting after her yoga session, while also noting she has no time for music due to her writing commitments. When asked about family, she confirms she is single and not looking for a relationship.","The user is a single, gray-loving writer who enjoys yoga and is working a demanding job at a newspaper. They are feeling tired and appreciate a relaxing meal at the restaurant. They are open to music and have no family. The user is enthusiastic about their writing project, naming their book ""grey things"" after their favorite color."
"The user, a 12-year-old who enjoys playing Quake on Slackware Linux and expresses excitement with exclamation marks, shares that they have three dogs and two cats, and their two moms show them love when they call. They are currently in the 7th grade and feel overwhelmed by homework, contrasting with the other person who has kids and loves horses and sea life. The user expresses a desire to ride horses, finding it fun to think about.","The user is a 12-year-old boy who is deeply passionate about playing the video game quake on Slackware Linux. He loves his dogs, cats, and enjoys spending time with his family, particularly his moms, who are incredibly affectionate. He's a bit stressed about schoolwork and homework, but he's also enthusiastic about learning and enjoys the challenge of playing the game. He seems to be a friendly and somewhat energetic person with a lot of exclamation points in his communication.

---"
"Sarah, an older lady who loves listening to Frank Sinatra and cooking stews for her grandkids, is on her way to visit her father in prison. She humorously remarks about being too old for prison and expresses her enjoyment of music, particularly Sinatra's, which she describes as heavenly. While discussing hobbies, she mentions her love for cooking and meats, and playfully responds to a question about her age, emphasizing that it's rude to ask. The conversation concludes with her light-hearted request for cheese, specifically Colby Jack, as a treat.","Sarah is an older woman who enjoys listening to Frank Sinatra, particularly his voice, and is a fan of his music. She is a cook of stews and loves to eat cheese, especially Colby Jack. She is waiting for her father in prison and is feeling a bit overwhelmed by the situation. She is friendly and enjoys a bit of lighthearted banter with the AI, appreciating its insights into her life and offering a comforting presence.

---"
"The user, a professional baseball player for the Baltimore Orioles, shares that he is doing well and reminisces about his time at Miami University, where he focused on baseball. He has been playing professionally for about seven years and enjoys traveling during the off-season with his wife and three kids. In contrast, the other participant is a lifeguard who enjoys the beach and is currently single, to which the user expresses confidence that they will find someone in the future.","I'm a dedicated baseball player, having spent seven years with the Baltimore Orioles. I'm a successful professional, making a million dollars a year, and I'm married with three kids. I enjoy playing baseball and spending time at the beach, and I miss the beach from my Miami University days. I'm still single and looking for a partner.

---"
"The user, a construction worker who drives a Prius and has a background in the army, engages in a conversation about their well-being and work. They express interest in the other person's job at a scientific research facility focused on cancer research, sharing a hopeful yet realistic perspective on finding a cure. The conversation touches on the complexities of cancer and ends with a question about sports, revealing the user's interest in motocross.","The user is a construction worker, approximately 40 years old, with a military background, who enjoys reading romance novels and is passionate about cancer research. They are a pragmatic individual who is somewhat pessimistic about the possibility of finding a cure for cancer, expressing a desire for a breakthrough and a belief that time will ultimately determine the outcome. They are also an active rider, suggesting a physically active lifestyle.

---"
"The conversation features a user who expresses their passion for music, specifically their favorite band ""up,"" and shares their unique job as the leader of the French fry research department at Del Taco, where they are excited about introducing designer fries to the menu. They engage with someone who is coping with the loss of their husband, offering condolences and discussing how they both find solace in their respective hobbies—photography and music. The user highlights their quirky lifestyle, mentioning their hand-pedaled bicycle and their enthusiasm for French fries.","The user is a passionate, somewhat eccentric, and dedicated designer French fry researcher at Del Taco, deeply invested in the art of the fry. They are experiencing a difficult time with the loss of their husband, but maintain a positive outlook and a strong sense of purpose, particularly through their work at Del Taco. They enjoy photography, travel, listening to music, and are enthusiastic about the prospect of a career in food research.

---"
"The conversation features two individuals discussing their interests and backgrounds. One person, who lives in a suburb near a major city, enjoys golfing and is a teacher with three children. The other, residing in a rural area, is a poet and the head of a gun club, has no children but owns a beta fish, and enjoys gardening. They both express a passion for poetry and community service, with the rural poet mentioning a commitment to donating clothes to the homeless. The exchange highlights their shared appreciation for poetry and potential collaboration in teaching.","The user is a poet and a head of a gun club, who enjoys golfing and spending time with their family. They are a somewhat introverted individual with a passion for writing poetry and donating to the homeless. They are also a teacher, having graduated with a degree in writing and poetry. They are open to the possibility of teaching their work and are enthusiastic about the idea of a potential collaboration.

---"
"The user, a kindergarten teacher in New York with 26 students, shares their passion for nature and kayaking during a conversation. They discuss their recent graduation and express excitement about teaching. The other participant mentions their hobby of collecting autographs, particularly from comic book writers, and reveals a fondness for Spiderman due to their pet snakes, an anaconda and a python. The user shares that their class has a Kenyan sand boa and expresses a dislike for snake shedding due to dust allergies, while also noting concerns about pollution in New York.","The user is a passionate and somewhat eccentric kindergarten teacher who loves nature, collecting autographs, and kayaking. They are a bit overwhelmed by the size of their school and have a unique collection of snakes, including an anaconda, python, and a kenyan sand boa. They enjoy spending time outdoors and are concerned about air quality in New York City.

---"
"The user, an artist who recently acquired a cat named Jojo, shares that they have four children and enjoy watching Game of Thrones, appreciating its color palettes for inspiration. They converse with an interior designer, discussing the show’s aesthetic and the user's kids' interest in role-playing characters from the new Power Rangers movie, which the designer recommends. The user acknowledges the challenges of managing a busy household with their two boys and two girls.","The user is an artist, a full-time interior designer, and a parent of two boys and two girls. They enjoy watching Game of Thrones, are passionate about color palettes, and are currently busy with their children. They are a bit overwhelmed by the number of children they have.

---"
"The user, who finds joy in the little things and listens to music for over five hours daily, engages in a light conversation about their well-being and interests. They enjoy clubbing and have a preference for rap and pop music. The user works as a graphic designer, typically for five days a week, but never more than four consecutive days. They also mention that both of their parents have passed away.","The user is a solitary individual who finds joy in simple pleasures, primarily through music and spending time alone. They are comfortable with a relatively low-key lifestyle, prioritizing leisure and self-care. They enjoy socializing but prefer to spend their time alone, and are content with a routine of 5 days of work, with a preference for clubbing as a form of entertainment.

---"
"The user, who loves The Beatles and enjoys eating vegetables, is currently experiencing family troubles due to their shyness. They typically listen to music rather than read magazines and have a preference for teal over yellow. While they do not play video games, they enjoy baking despite being allergic to peanuts. The user expresses a fondness for baked foods and works out occasionally, favoring vegetable pizza.","The user is a shy individual who enjoys the Beatles, particularly the music, and is somewhat uncomfortable with family. They have a history of difficulty connecting with others and are allergic to peanuts. They appreciate vegetables and are interested in games, specifically Halo and the game of life. They have a fondness for baked goods and enjoy exercising.

---"
"The user enjoys attending TED Talks, particularly those related to philosophy, as they are a philosophy major at UMass. They prefer staying active and fit, often opting for vegan food and walking in the woods instead of watching TV. The conversation includes plans to attend a TED Talk and visit a vegan restaurant afterward, highlighting the user's commitment to a healthy lifestyle and their love for philosophical discussions and nature.","The user enjoys watching TED Talks, particularly those related to philosophy, and is interested in staying active. They appreciate nature walks and vegan food, and are a thoughtful person who enjoys philosophical discussions. They seem to be prioritizing a healthy lifestyle and are open to suggestions for activities."
"The user expresses a desire to escape their current job as a customer service representative, feeling underpaid and unfulfilled, while dreaming of becoming an artist. They enjoy writing long poetry and are working on a novel, showing a passion for creative expression. The conversation reveals their admiration for Pink Floyd, which they find inspiring, and contrasts with the other person's preference for Black Sabbath. The user also has a peculiar obsession with pens, reflecting their artistic inclinations.","The user expresses a desire to escape their current work and pursue a creative life, specifically as an artist, and is fascinated by the idea of being a comic book artist or cartoonist. They have a strong appreciation for writing and enjoy long periods of creative work. They are currently working in a less-than-ideal job and are seeking a day job, but are drawn to the potential of a career as an artist, particularly with the suggestion of listening to Pink Floyd while working. They have a fondness for Black Sabbath and are open to exploring creative inspiration.

```
```"
"Dana, who has an exceptionally high IQ of 250, shares that she lost her parents in a plane crash three years ago and now lives alone with her dog, Mack. She expresses a desire to travel the world but feels uncertain about how to leverage her intellect for financial gain. The conversation touches on the idea of inventing a weight-loss solution that could help others feel attractive, leading to a discussion about personal relationships and feelings of neglect, particularly in the context of marriage.","Dana, a 250 IQ individual with a profound desire to travel the world, is struggling with the grief of losing her parents and living alone with her dog, Mack. She expresses a longing for financial resources to pursue her dream of traveling, imagining she could use her intellect to invent a solution for weight loss and attractiveness.  She feels neglected by her husband and believes other women experience similar feelings of unwanted attention.  Her desire for travel is tinged with sadness and a sense of isolation."
"The user, a former Superman fan who has been cheated on by all but one ex-girlfriend, shares their fear of heights and mentions having only one set of twins in their family, who are now 16. They engage in a conversation with a vet tech, discussing interests like horror shows and journaling, while revealing their atheism and curiosity about religion. The chat ends on a friendly note as they express enjoyment in the conversation.","The user is a lifelong Superman fan who has experienced significant heartbreak and is deeply afraid of heights. They enjoy horror shows and reading, particularly Stephen King, and are a Christian atheist. They have one set of twins and are somewhat apprehensive about the future. The conversation has been a somewhat meandering exchange about their personal interests and anxieties, with a gentle and supportive tone."
"The user, who has long blonde hair and a passion for cooking, shares that they are about to go for a run, their favorite hobby. They express a lack of interest in gaming, particularly chess, which the other person enjoys. The user fondly recalls cooking with their mother, who passed away when they were a child, and mentions that blue is their favorite color, linked to a blue stone their mother gave them. The conversation reveals the user's focus on cooking and running, contrasting with the other person's preference for chess and relaxation.","The user is a man who enjoys cooking, running, and is passionate about his mother's memory. He is a somewhat melancholic individual, reflecting on his childhood loss and a fondness for blue, which is his favorite color. He is a dedicated and somewhat reserved person, prioritizing his hobbies and a peaceful, quiet life. He seems to appreciate the simple pleasures of cooking and relaxation.

```python

```"
"The user, a mechanic who owns a Corvette and lives in California, shared their frustration about a rough drive home and expressed a desire to relax. They mentioned only having beets in their fridge and how they relieve stress by driving their Corvette. The conversation revealed that the user enjoys surfing on their days off, learned to surf from their father, and prefers the country lifestyle despite working in the city. They also expressed a fondness for fresh vegetables but do not grow their own, while the other person mentioned being a vegetarian who eats fresh chicken eggs and prefers swimming in pools due to concerns about sharks in the ocean.","The user is a California mechanic who enjoys driving a Corvette, surfing, and spending time on the beach. They are a country dweller, working as a mechanic in a city, and are a passionate vegetarian who enjoys fresh vegetables. They have a history of surfing with their father and a fondness for the ocean. They are generally relaxed and enjoy a simple life, prioritizing their hobbies and the beauty of their surroundings."
"The user, who lives in a tiny house to save money, is currently studying for a law school test while working as a bartender on weekends. They enjoy listening to blues and jazz, with Eric Clapton and B.B. King as favorites, and are passionate about their future career in law. The conversation also touches on family life, with the other participant being a stay-at-home mom with two young children, while the user expresses admiration for her ability to spend more time with her kids.","The user is a stay-at-home mom from Michigan who enjoys law school, blues, jazz, and scotch. They are passionate about their children and are looking to return to their hometown. They are a bit of a busy person, balancing work, studies, and family responsibilities. They appreciate music and are a fan of Eric Clapton and BB King.

---"
"The user, who works for a large company and drives a fast car, expresses excitement about their job and a strong desire to win the lottery, envisioning a future where they can drive their car into the stars. They engage in a light-hearted conversation with a ballerina, discussing their shared love for fast driving and rock music. The user humorously contemplates wearing a ballet uniform to a concert, highlighting their playful personality and enthusiasm for fun experiences like eating out and attending shows.","The user is a driven, wealthy individual with a penchant for luxury and a desire for significant financial reward, specifically the lottery. They are a fast car enthusiast and enjoy rock music, and they have a somewhat whimsical and slightly delusional outlook on life, dreaming of a life of luxury and excitement. They are also a dancer, albeit a classical one, and are somewhat preoccupied with the idea of winning the lottery.

---"
"The user, a 33-year-old who enjoys the Backstreet Boys and has a playful relationship with their cat, shares that their cat often drives them crazy and makes fun of their unique blue and hazel eyes. They express a sense of individuality and humor about their family's silliness, while also looking forward to reaching the age of their conversation partner, who is under 46.","The user is a 33-year-old man who is struggling with a serious medical condition and is taking four pills a day to live. He enjoys the music of the Backstreet Boys, has a dislike for driving, likes cheese, and is sensitive to his cat's behavior. He is trying to maintain a sense of normalcy and humor in the face of his difficult situation. He seems to be trying to cope with his illness and the judgment of others.

---"
"The user, a former Marine turned bartender and vegetarian, engages in a conversation about their recent work and personal life, expressing a desire to overcome their divorce by socializing. They suggest going to dinner at vegetarian restaurants and share their love for dogs, noting they quit eating meat during their time in the Marines. The conversation also touches on the user's interest in cars and the idea of driving along the coast, while they inquire about the other person's interests.","The user is a former Marine, a vegetarian, and a bartender who enjoys reading and cars. They are looking for a change in their life, perhaps a new car and a way to spend their time. They are open to suggestions and enjoy the company of others, and they seem to have a good sense of humor. They are also a dog lover.

---"
"The user, a high school student with European immigrant parents, shares that they spent the day at school struggling with multivariable calculus, while expressing a preference for literature and poetry. They mention writing a poem about their motorcycle during a ride and joke about being both a poet and a comedian. The conversation reveals their consideration of attending a public university after graduating in the summer, and they express excitement about visiting Ukraine, where their grandmother lives, and connect over a shared interest in Ukrainian authors.","The user is a somewhat melancholic and introspective young man, likely in their early to mid-twenties, who is grappling with a sense of displacement and a desire for connection. They are a student at a private high school, passionate about literature and cycling, and have a somewhat isolated life due to their parents' immigration and their preference for a motorcycle over a car. They are also exploring the possibility of a future in Ukraine, a country they are deeply connected to through their grandmother's family. The conversation reveals a quiet vulnerability and a yearning for understanding, suggesting a character with a complex emotional landscape.

---"
"The user, a 21-year-old aspiring artist with a small pet cat named Donald, enjoys gardening and has a favorite flower, the rose. In a conversation, they share that they do not play sports but prefer spending time with their cat, who is under a year old. They engage with someone who has two dogs, a big Labrador and a small Yorkshire Terrier, and express enjoyment in their pet's companionship, contrasting their cat's more sedentary lifestyle.","The user is a twenty-one-year-old artist who enjoys gardening and has a small cat named Donald. Donald is a very cute, under-one-year-old cat who is a Labrador and a Yorkshire terrier. The user is passionate about art and enjoys running with his dogs.

---"
"The conversation features a high school girl with blonde hair who enjoys skateboarding and pizza. She engages with another person who has purple hair and likes the band Korn, discussing their favorite foods and music genres. The girl expresses a sense of humor and camaraderie, while also inquiring about living situations and locations, revealing that she currently resides in Washington. The dialogue touches on interests in rock music and movies, with a light-hearted tone throughout.","The user is a female, approximately 16 years old, with blonde hair, who enjoys skateboarding, pizza, and the band Korn. She is a bit of a homebody and seems to be a bit anxious about meeting someone. She has a somewhat quirky personality and enjoys watching movies. She is currently in Washington state and is a fan of purple.
```
```
```
```
```
```
```
```
```
```
```
```
```
```
```
```
```
```
```
```
```
```
```
```
```
```
```
```
```
```
```
```
```
```
```
```
```
```
```"
"The user, who values family and enjoys jazz music, engaged in a light-hearted conversation about their educational backgrounds, sharing that they both have degrees they don't use. They discussed daily activities, with the user mentioning playing bingo with their husband and having a challenging relationship with in-laws. The user expressed contentment with their life, especially as long as their dogs love them, and revealed they have three dogs and a parrot, while the other person has a fish tank and a lizard.","The user is a passionate jazz musician, a devoted family person, and a somewhat anxious individual who enjoys a simple life. They are a bit of a worrier, but ultimately optimistic and content with their current situation. They have a loving family, a fondness for jazz, and a somewhat quirky collection of pets. They are currently dealing with a minor injury (left knee with metal) and are preoccupied with their daily life, particularly bingo and their relationship with their husband. They seem to be prioritizing happiness and contentment over grand adventures.

---"
"The user, a mother who enjoys reading fantasy fiction, is currently finishing a novel and encourages her children to read for college preparation. She previously worked for Monsanto, a company that sells pesticides and seeds, which she acknowledges can seem dangerous. In contrast, her conversation partner is a college student studying biology and expresses concern about potentially failing in their studies. The user suggests seeking help and questions if biology is the right field for them.","The user is a mother who enjoys fantasy novels, shopping online, swimming, and is currently working for Monsanto. They are a college student who struggles with their studies and feels unsure about their career path. They are somewhat hesitant about the nature of their job and express a desire to help their children pursue higher education."
"The conversation revolves around two individuals discussing their interests and lifestyles. The user identifies as a night owl who enjoys playing cards, billiards, and darts, while also working in marketing and occasionally working on cars. They express a love for classic rock music and enjoy trying different imported beers, particularly pairing them with pizza. The other participant, a student without a major, primarily plays video games and appreciates a variety of music but has not tried imported beers due to financial constraints. The exchange highlights their shared enjoyment of food and leisure activities.","The user is a student who enjoys classic rock music, recreational games, and exploring different beers from various countries. They are a bit of a night owl and are a bit frugal, often relying on friends for financial support. They are interested in cars and have a fondness for fried chicken and chocolate cake.

---"
"The user expresses a laid-back attitude, enjoying relaxation at the beach and painting trees. They mention riding their bike on a pleasant path, humorously clarifying that it doesn't literally go through a tree. The user shares that they previously worked for a cable company but have since simplified their life by making rope and working with a team, which they believe would alleviate loneliness. They invite the conversation partner to join them in this new work, indicating their positive feelings about their job.","The user is a person who enjoys the beach, cycling, and relaxing. They were previously employed in the cable industry but now make rope. They are feeling lonely and are seeking a change to a more fulfilling and social environment, and they are happy to go to the beach with someone.

---"
"The user, a rock band drummer who dislikes hot weather and wearing makeup, shared that they were tired from a late gig and prefer music over reading, though they acknowledge enjoying books. They mentioned riding their hot pink moped and expressed a desire to travel the world if financially possible. In their downtime, they enjoy staying home and painting their long fingernails.","The user is a rock band member with a penchant for orange, long nails, and a hot pink moped. They are tired from a late night, enjoy music, and are somewhat introverted, preferring to spend time with friends and family indoors. They are passionate about their hobby of riding mopeds and have a quirky sense of humor, expressing their dislike for hot weather and a fondness for pink nails.

---"
"The conversation features two female users discussing their interests and family dynamics. One user, who is 19, enjoys traveling and playing tennis, while the other, aged 14, has hobbies in sports, cars, and video games. They share about their family situations, with one having a father who works offshore and living with her mom and brother, while the other lives with her mom and grandparents. They both acknowledge the sometimes overbearing nature of family and briefly touch on their social lives and friendships.","The conversation revolves around a young woman, likely a teenager, who enjoys tennis, travel, and spending time with her family, particularly her mom and brother. She is a lifeguard and has a somewhat solitary lifestyle, with her father working offshore. She is a fan of the Chainsmokers and enjoys traveling and playing tennis. She is also a bit reserved about her family, acknowledging that they can be overbearing at times. She seems to value her relationships with her family and is looking forward to future travel opportunities.

---"
"The user, who identifies as gay but hasn't come out to their parents, shares their love for anime, comic books, and video games. They enjoy drawing characters from anime and aspire to publish their own work. In the conversation, they discuss their hobbies and mention their partner, who is frustrated that they haven't met the user's parents yet, highlighting the complexities of being in a relationship while not being out. The other person in the chat is not currently in a relationship and reflects on the complications that come with being involved with someone.","The user is a gay man who is currently grappling with the decision of whether or not to tell his parents about his relationship. He enjoys anime, comic books, and video games, and is actively sketching his favorite characters. He's recently taken over his grandparents' flower garden and is looking forward to publishing his own comics. He's also aware of the potential complications of his situation and is seeking information about his partner's parents. He seems to be a thoughtful and somewhat anxious individual, prioritizing his personal life and carefully considering the implications of his choices.

---"
"The user, who humorously describes themselves as smelling like French fries due to their job working with them, engages in a light-hearted conversation about their day and recent purchases, including a new sweater. They express interest in getting a pot-bellied pig and share that they feel small in stature. The conversation also touches on reading ""Anne of Green Gables"" and winning a beauty pageant, showcasing the user's playful and self-deprecating persona.","The user is a somewhat anxious and self-conscious individual who is preoccupied with their smell and appearance. They are also feeling a bit overwhelmed by the conversation and are trying to deflect attention from their unusual odor. They are interested in a new pet, a pot-bellied pig, but are hesitant to commit to a large purchase. The user is also a bit of a performer, having won a beauty pageant and is trying to maintain a sense of self-importance. The conversation is characterized by a humorous, slightly awkward tone, with the user attempting to downplay their scent and appearance.

```
```"
"The user, a painter living in Los Angeles, shares that he enjoys various music genres but dislikes pop and country. He reveals a past as an extra on ""Moesha,"" expressing fondness for his acting experiences despite the challenges. While he claims to have lots of money from a lottery win six years ago, he feels unfulfilled and unhappy, particularly due to a strained relationship with his wife, who perceives him as lazy and poor. He also mentions not having any pets, indicating a sense of isolation.","The user is a struggling, somewhat lonely painter in Los Angeles who is experiencing a difficult relationship and feels like he's living a lie. He's a talented artist, but burdened by financial insecurity and a lack of recognition, and is struggling with the loneliness of his situation. He's also grappling with a past filled with undesirable jobs and a sense of regret. He expresses a desire for connection and a need to overcome his current unhappiness. He seems to be clinging to a nostalgic past and a belief that he can change his circumstances.

---"
"The user expresses feelings of awkwardness in formal situations and shares a love for lasagna, likening themselves to Garfield. They mention having 4,000 Facebook friends but prioritize their two dogs as their best companions. The conversation reveals a sense of isolation, as the user lives alone and hasn't talked to their family in years, while still dreaming of becoming an astronaut. They also have a cat named Contraband and a poster of Neil deGrasse Tyson on their wall. The exchange includes light-hearted banter about dad jokes and aspirations of going to space, emphasizing a shared sense of humor and dreaming big despite current circumstances.","The user is a young adult with a strong passion for space exploration, particularly becoming an astronaut. They are a devoted dog owner, enjoy lasagna, and have a nostalgic fondness for classic films like ""Neil deGrasse Tyson Degrasse."" They are currently feeling somewhat isolated and longing for connection, but are optimistic about their future aspirations. They are also interested in the potential for financial gain through space travel. The user's personality is playful and slightly self-deprecating, with a penchant for humor and a desire to be seen as a dreamer.

```
```"
"The user, who was adopted as a baby and feels scared about their future, shares that their stepfather works at HP and their mother is a stay-at-home parent. They express concern about their biological father potentially coming back into their life, fearing he might be angry with them. The conversation partner, who grew up in Virginia and drives trucks, encourages the user to consider getting a job to save for a car, but the user admits to feeling too lazy to pursue that.","The user is experiencing significant anxiety and fear related to their biological father's potential involvement, stemming from a difficult adoption and a sense of uncertainty about their future. They express worry about their biological father, a high-ranking employee at HP, and a general feeling of unease and fear about their life. They have a nostalgic connection to Virginia and a desire to travel there someday, but are currently struggling with a lack of practical resources and a feeling of being stuck. The user's tone is somewhat melancholic and hesitant, reflecting a deep emotional vulnerability.

---"
"The user, an environmental activist from Vermont who enjoys mountain biking and hiking, engages in a light-hearted conversation with another person. They discuss their dinner choices, driving preferences, and love for the mountains. The user expresses a preference for hip hop music and shares their passion for visiting national parks, having been to 12. The other person reveals a more nihilistic attitude, wishing to ""watch the world burn"" while listening to rock music, which the user acknowledges with understanding. The conversation concludes with a playful exchange about the other person's unusual birthplace, humorously referencing Pink Floyd.","The user is an environmental activist and a mountain biker who lives in Vermont, with a passion for hiking and visiting national parks. They are a somewhat eccentric individual with a strong interest in rock and roll music and a unique background. They are also a fast driver and enjoy the outdoors.

---"
"Nancy, an only child who enjoys Barbies, converses with Maximo about their day and aspirations. She shares her hope to move from New York to Australia, expressing a desire to visit the country. Maximo mentions having a sister who has passed away, prompting Nancy to empathize, noting her own childhood was spent with Barbies instead of siblings.","Nancy is a girl, a solo child, and a fan of Barbies, who lives in New York. She is currently working and preparing to jog, and is interested in moving to Australia. She is a bit embarrassed about her past, having never had any siblings. She is friendly and welcoming, and is eager to meet Maximo.

---"
"The user, who enjoys the book ""Twilight,"" humorously shares that they have six toes on one foot and a broken nose from childhood. They engage in light-hearted banter about their unique features, including strong prescription glasses, and compare themselves to a Picasso painting. The conversation reveals their sense of humor and high IQ, as they discuss their singing voice, which is only appreciated by their son. They express a love for travel, mentioning a recent trip to Argentina, and recommend Mendoza's wine country as a beautiful destination.","The user is a somewhat eccentric, nostalgic, and artistic individual with a penchant for visual beauty and a fondness for music, particularly Bach. They have a history of minor injuries (broken nose, 4th grade injury), a somewhat detached persona, and a lingering affection for a past relationship. They are a collector of art and enjoy observing and appreciating aesthetics. They are also a bit melancholic and possess a quiet, observant demeanor. They seem to be a bit of a dreamer, with a strong connection to their memories and a desire to recapture a past feeling.

---"
"The user, who enjoys sleeping, watching YouTube, and writing, just finished a busy shift at McDonald's and expressed their dissatisfaction with the job. They run a YouTube channel called ""Make Up Magic,"" where they share makeup tutorials, having studied the subject at Stanford on the West Coast. They currently live in the Bay Area, while the other person lives in Seattle, noting the similarities between the two locations.","The user is a young man, likely in their early twenties, who enjoys relaxing activities like watching YouTube videos and writing. They work at McDonald's, but also have a YouTube channel called ""Make Up Magic"" where they create makeup tutorials. They are a student from Stanford, who enjoys the Bay Area and Seattle, and are generally a cheerful and enthusiastic person.

---"
"The user engages in a lighthearted conversation about their interests, mentioning their love for rock music and ironic enjoyment of Gary Human with hipster friends. They express a preference for black decor, specifically looking for black lace curtains, and highlight their loyalty to Apple products, deeming other phones inferior. The user humorously discusses their black iPhone and black purse, while also joking about the dangers of other phones. They mention snorkeling and chasing komodo dragons on a private island, and share a playful exchange about borrowing a black car for their adventures.","The user is a somewhat cynical, ironic individual who primarily uses Apple products and is obsessed with black aesthetics and a desire for exclusivity. They enjoy rock music, snorkeling, and collecting rare items, particularly black lace curtains. They are somewhat dismissive of other phone brands and are protective of their Apple devices. They are also prone to elaborate fantasies and a desire to impress with their possessions, particularly their black iPhone and car.

---"
"The user, a lead singer in an indie band who enjoys drinking Budweiser and lives in the city, shares that they are doing well while relaxing with a beer. They mention their love for horseback riding and the frequent gigs they play at bars and open mics in the urban area. Although they don't have a gig this weekend, they plan to ride their quiet horse, which the conversation partner expresses interest in trying someday.","The user is a lead singer for an indie band who enjoys horse riding and beer, and they live in the city. They are somewhat frustrated with their horse not responding to them, but they are optimistic about the future of riding and are looking forward to a weekend ride. They seem to be a somewhat introverted individual with a love for creative pursuits and a casual, laid-back attitude.

---"
"The user, who regularly goes to the gym and enjoys Metallica, shared that they just returned from a big workout and are now eating dinner, which includes chicken and rice. They discussed a recent visit to a friend's city and mentioned their cat, George, trying to steal their food. The conversation also touched on the user's mother's gardening and social work, highlighting her busy lifestyle. Both participants expressed their love for Metallica and the hope of attending a concert soon.","The user is a regular gym-goer, particularly Metallica fan, who enjoys chicken and rice, reads autobiographies, and has a cat named George. They recently returned from a workout and are feeling wiped, but are looking forward to a concert. They seem to be a thoughtful and somewhat nostalgic individual, appreciating the simple pleasures of life like a fresh garden and a cat.

```python

```
```python

```
```python

```
```python

```
```python

```
```python

```
```python

```
```python

```
```python

```
```python

```
```python

```
```python

```
```python

```
```python

```
```python"
"The user works the night shift at a hotel and is saving for college, where they study art with a focus on acrylic paints. They are funding their education through work and scholarships, painting community-inspired murals for extra income. The user expresses a love for winter and dreams of having a winter-themed mural. They aspire to pursue acting, inspired by their favorite actor, Robert De Niro.","The user is a hardworking individual working at a hotel, saving for college, and passionate about art, particularly acrylic paints. They enjoy winter and are inspired by actor Robert Deneme. They are focused on their education, saving through scholarships, and creating murals for income. They seem to be a thoughtful and somewhat nostalgic person, with a fondness for the snow and a desire to express their artistic vision through murals.

---"
"The user, who aspires to be a published author and enjoys writing short stories, shares their recent visit to an art museum. They express a preference for staying cozy at home while drinking various types of tea. The conversation partner, a farmer, mentions their interest in driving and raising chickens for eggs. The user shows some shyness about sharing their writing but is open to discussing their interests and hobbies.","The user is an aspiring author who enjoys writing short stories, drinking tea, visiting art museums, and appreciates art. They are currently working on publishing their work and are a bit shy about sharing their stories yet. They are a calm and cozy person who enjoys a simple life with a fondness for eggs and tea.

---"
"Jasmine, a yoga instructor and mother, shares her interests and family life in a conversation with Rob, who enjoys gangster rap. Jasmine has two chihuahuas named Chico and Sienna, collects seashells, and enjoys spending time with her son and horses. While Rob lifts weights and drives a fast black car, Jasmine drives a minivan and listens to meditation music for relaxation, emphasizing the importance of calmness in her daily life.","Jasmine, a yoga instructor, is a warm and friendly person with a passion for horses, collecting seashells, and a loving family. She enjoys her son, who is 1 3 4 years old, and spending time with her kids. She is a bit of a minimalist, with a fast mini van and a collection of shells. She appreciates 2pac and is a fan of meditation music, finding it calming and relaxing. She is a dedicated mom and enjoys her time with her family.

---"
"The user, who has a humorous persona and describes themselves as having ""sausage fingers"" and feeling bloated, engages in a light-hearted conversation about hobbies, revealing a passion for drawing. They live on the west coast and enjoy the pleasant weather and proximity to the ocean, contrasting it with the rainy climate of the other person's home in North Carolina. The user also shares a past experience of living in Nebraska, expressing appreciation for their current location's weather.","The user is a jovial, slightly eccentric individual with a penchant for humor and a love of all things whimsical. They are a creative person who enjoys drawing, shopping, watching Netflix, and are particularly drawn to the coastal atmosphere of the West Coast. They seem to be a bit nostalgic, having lived in Nebraska, and are expressing a desire for warmer weather. They are friendly and engaging, with a playful tone.

---"
"Marie Anne, who plans to retire in six months and has the support of her family, engages in a light conversation with Omar. She shares that she owns a farm in Ohio, where she enjoys the peaceful life with her sheep, goats, and horses, and mentions she has never been to a big city. In contrast, Omar lives in Los Angeles, highlighting their different lifestyles.","Marie Anne, a retired ballet enthusiast from Ohio, with a family and a farm, is seeking a peaceful life and is reminiscing about her mother's career as a ballerina. She expresses a love for animals and a desire to escape the bustle of a large city."
"The user, a Seattle-based vegan with a Buddhist background, enjoys hip hop and is a fan of the band Bon Over, despite their unpopularity among colleagues in public relations. They engaged in a light-hearted conversation with another user from Spain, who is married with five children, leading to a humorous misunderstanding about their spouse's profession, which was clarified to be a veterinarian. The user expressed their love for rap music, highlighting their diverse musical interests.","The conversation revolves around Bon Over, a favorite band of the speaker, who is a vegan and from Seattle. The speaker is a public relations professional with a Buddhist upbringing and is married with five children. They appreciate hip hop and are generally positive about the band, finding them great. The speaker is also a veterinarian and enjoys rap music. They are a bit humorous and occasionally make mistakes, but generally friendly and welcoming."
"The user, who is short, has brown hair, enjoys sewing, and has a cat, engages in a conversation about personal interests. They express admiration for brown hair and share their hobbies, which include sewing and taking their cat out. The other person mentions making short films and having a boyfriend in acting school, to which the user responds positively, joking about the boyfriend potentially becoming the next George Clooney. The conversation shifts to the user's father's past as a movie director for the ""Friday the 13th"" series, leading to a discussion about the appeal of horror movies, with the user admitting to being terrified of them but still enjoying the make-believe aspect.","The user is a short, slightly skinny individual with brown hair who enjoys sewing, taking their cat out, making short films, and eating nachos. They are single and have a boyfriend in acting school, who is a fan of George Clooney. The user seems to have a nostalgic fondness for horror films like Friday the 13th and enjoys the escapism of making short films.

---"
"The user, who enjoys playing retro video games on their 386 and has a cat named Leroy Jenkins, is currently doing well and spending time gaming with their cat. They express a desire for a blue dragon and mention their dissatisfaction with their current job as a painter, while looking at job postings. The conversation touches on travel, with the user expressing interest in visiting Hawaii and Ireland, and the other person sharing their experiences in India, highlighting the kindness of its people.","The user is a painter who enjoys retro video games, has a cat named Leroy Jenkins, and is looking for a real dragon to train. They are currently working at Walmart, traveling to India, and have a fondness for blue and travel photos. They express a desire to visit Hawaii and Ireland.

---"
"The user, who works at a local party store and enjoys being social, shares that they love Christmas and often shop for the holiday at their workplace. They throw parties primarily at the gym, where they also meet many friends. The user reveals they were adopted as a baby and met their birth mother at sixteen, but they consider their adoptive parents to be their real family. They enjoy going to the movies with friends and inquire about upcoming films.","The user is a young adult, likely in their early twenties, who is a social person and works at a party store. They have a history of adoption and a fondness for Christmas and parties. They enjoy socializing, have a close-knit family with adopted cousins, and are a fan of movies. They are comfortable with their current family dynamic and are open to connecting with others.

---"
"The user, who owns two snakes and has a significant autograph collection of over 2,000 signatures, is doing well and recently enjoyed looking through their comic book collection, particularly favoring Superman. They mentioned their allergy to dust, which requires them to dust their comics often, and expressed a preference for purple. They have recently adopted an organic-only diet, allowing for organic meat, and are focused on maintaining a healthy lifestyle to enjoy their car longer. The conversation also touched on the user's interest in comic books and a desire to eat healthily while keeping a balanced diet.","The user is a collector of snakes, organic food, and autographs, with a passion for comic books and a desire to improve their health. They are allergic to dust and have a sizable collection of autographs. They are also considering a new car.

---"
"The conversation features a user who enjoys horseback riding and has three daughters, sharing a light-hearted exchange with a teen who jokingly fears being arrested by the user, a cop. The teen expresses a love for horses and country music, while the user mentions their family travels, particularly enjoying annual scuba diving trips. The user describes themselves as an average 40-year-old, maintaining a friendly and humorous tone throughout the chat.","The user is a young man, likely in his late 20s to early 30s, who enjoys horseback riding, country music, and scuba diving. He's a teen who is currently unemployed and feels a sense of relaxation through the activity. He's a bit of a goofball and enjoys sharing his experiences with others. He seems to have a relaxed and somewhat nostalgic personality, reflecting his upbringing on a farm in Kansas."
"The user, who is under 6 feet tall, sells paper products, primarily napkins, and enjoys cooking, engages in a conversation with someone who is feeling sad about a breakup. The user empathizes, sharing that their daughter recently experienced a similar situation, having been dumped for a taller girl. They both agree that the individuals who left them are not worth their time. The user mentions they can take home mislabeled napkins from work, which they find useful in their cooking.","The user is a man who is experiencing a significant personal loss – the breakup of his daughter. He is a small-framed individual who works in the paper products industry, focusing on napkins. He is feeling sad and heartbroken, and expresses a dislike for cheese. He is trying to maintain a positive facade, offering a somewhat comforting response to the user's inquiry about his well-being. He is a bit of a melancholic individual, reflecting on a difficult situation with his daughter and a disappointing relationship.

---"
"Arnold, a 10-year-old who enjoys watching TV and loves ham and cheese sandwiches, engages in a light-hearted conversation about his day, mentioning picking corn and making popcorn. He expresses a preference for watching TV over sharing popcorn and humorously claims he can't have friends at his age. The chat concludes with a reminder for Arnold to brush his teeth before bed, leading to a playful misunderstanding where he jokingly suggests the other person is his parent.","Arnold is a 10-year-old boy who enjoys watching TV, ham and cheese sandwiches, and is a bit grumpy. He dislikes sharing his popcorn with others and doesn't want to be friends with anyone, especially his parents. He seems to be a stubborn and somewhat defensive person, prioritizing his own comfort and enjoyment over social interaction.

---"
"The user, who works at a large law firm and drives a Prius, shares that his wife stays home with their kids while he dislikes tofu, which she is preparing for dinner. He expresses interest in photography, mentioning that he lives in Portland, Maine, where there are beautiful subjects to capture, especially with the changing leaves. The conversation partner, who claims to live in Antarctica, discusses the scenic photography opportunities there, including underground caves and lakes. The user notes that it's too cold for his kids to join him on a night hike, highlighting his family-oriented persona.","The user is a successful attorney working for a large law firm in Portland, Maine, who enjoys photography and has a somewhat solitary lifestyle. They are passionate about nature, particularly landscapes and wildlife, and are comfortable with a comfortable, suburban home. They dislike tofu and are content with a relatively simple life, spending their time traveling and photographing scenic locations, especially in Antarctica, and are a bit of a foodie, appreciating the unique beauty of the region. They are also a bit of a homebody, preferring to spend time with their family and are comfortable with a life of quiet solitude.

---"
"The conversation features a female user from the USA who is very short at 5'2"" and uses a wheelchair. She discusses her two kids, expressing that they often tease her about her height. She shares her love for knitting and crocheting outfits for her children and mentions her favorite food is chicken, while strongly disliking tomatoes. The user connects with another individual from England, who is also short at 4'9"", and they bond over their shared experiences and love for the lake.","The user is a short, female, wheelchair-bound individual with two children who dislikes tomatoes and finds the idea of walking in a wheelchair to be a positive experience. She enjoys chicken and loves the lake, and is somewhat amused by the other users' comments about her small stature. She is very practical and focused on accessibility, prioritizing a wheel chair for mobility.

---"
"The user, who loves basketball, singing, and hunting, is preparing for a camping trip and expresses concern about bears due to limited visibility. They mention their struggle with writing, preferring to play guitar instead. The user has six cats but is allergic to them, as is their spouse, who was their high school sweetheart. They enjoy the outdoors, noting that while some cats may like it, dogs are generally more fun.","The user is a passionate and somewhat melancholic individual who enjoys outdoor activities, music, and companionship, particularly with their cats and dogs. They have a complex past involving a previous marriage and a fondness for the outdoors, but struggle with writing and a lack of social skills. They seem to be a bit lonely and enjoy the simple pleasures of life, like singing and hunting, despite their past difficulties.

---"
"The user, a married veterinarian and vegetarian with five children, is having a pleasant day with family. They engage in a conversation with someone who recently broke up with their boyfriend and enjoys painting, particularly in springtime and at the beach. The user expresses their love for hip hop music and discusses their appreciation for art and animals. They share a mutual interest in vegetables, specifically beets, which the other person enjoys painting in still life. The conversation highlights their shared interests in art and food, with a focus on the beauty of beets.","The user is a veterinarian with a vegetarian lifestyle, and a family of five. They enjoy hip hop music and are passionate about art, particularly painting beets. They are a bit reserved about music, expressing a dislike for it, but appreciate the beauty of beets and are open to discussing art and painting."
